{
    "$schema": "https://schema.management.azure.com/schemas/2015-01-01/deploymentTemplate.json#",
    "contentVersion": "1.0.0.0",
    "parameters": {
        "blogStorage": {
            "type": "string",
            "defaultValue": "b3g1amo"
        }
    },
    "variables": {},
    "resources": [
        {
            "type": "Microsoft.Storage/storageAccounts",
            "apiVersion": "2018-07-01",
            "name": "[parameters('blogStorage')]",
            "location": "[resourceGroup().location]",
            "tags": {
                "displayName": "[parameters('blogStorage')]"
            },
            "sku": {
                "name": "Standard_LRS"
            },
            "kind": "StorageV2"
        }
    ],
    "outputs": {}
}

